,Business,instagram,facebook,twitter,emails
0,http://www.foxbrosbbq.com,,,,bootstrap@5.0.2
1,http://www.theporterbeerbar.com,,http://www.facebook.com/pages/Atlanta-GA/The-Porter-Beer-Bar/356051008801,http://twitter.com/porterbeerbar,"molly@theporterbeerbar.com, marissa@theporterbeerbar.com"
2,http://www.marymacs.com,https://www.instagram.com/marymacstearoom/,https://www.facebook.com/marymacstearoom,https://twitter.com/MaryMacsAtlanta,
3,https://www.havanaatlanta.com,,https://facebook.com/HAVANA-RESTAURANT-143583404103,,
4,http://www.louisianabistreaux.com,,,,"n@media, nthompson@louisianabistreaux.com, jboykin@louisianabistreaux.com, hdavis@louisianabistreaux.com, wendy@levelup.social"
5,https://www.virgilsgullahkitchen.com,https://www.instagram.com/wix,,https://www.twitter.com/wix,"core-js-bundle@3.2.1, focus-within-polyfill@5.0.9, 605a7baede844d278b89dc95ae0a9123@sentry-next.wixpress.com, 831126cb46b74583bf6f72c5061cba9d@sentry-viewer.wixpress.com, 8c4075d5481d476e945486754f783364@sentry.io, lodash@4.17.21, react@16.14.0, react-dom@16.14.0, events@virgilsgullahkitchen.com, contact@virgilsgullahkitchen.com"
6,https://murphysatlanta.com,,,,events@murphysvh.com
7,http://sidechickdecatur.com,,,,
8,https://pappadeaux.com,,https://www.facebook.com/PappadeauxSeafoodKitchen,https://twitter.com/pappadeaux,
9,https://www.velvettaco.com,https://www.instagram.com/velvettaco/,https://facebook.com/velvettaco/,,"touch@2x.png, touch@4x.png, touch@5x.png, marketing@velvettaco.com., guest@paytronix.com, recruiting@velvettaco.com, payroll@velvettaco.com, adacompliance@dreamboxcreations.com"
10,http://www.cafesababa.info,,,,"core-js-bundle@3.2.1, focus-within-polyfill@5.0.9, 605a7baede844d278b89dc95ae0a9123@sentry-next.wixpress.com, 831126cb46b74583bf6f72c5061cba9d@sentry-viewer.wixpress.com, baf30a2b91654c5a840931f0137bed30@sentry.wixpress.com, 0e6a29e4756740a8a63493e912ba2174@sentry.wixpress.com, 8c4075d5481d476e945486754f783364@sentry.io, dd0a55ccb8124b9c9d938e3acf41f8aa@sentry.wixpress.com, lodash@4.17.21, react@16.14.0, react-dom@16.14.0, cafesababa@gmail.com"
11,http://www.butcherandbrewshop.com,,,,"wght@0, info@butcherandbrewshop.com, wednesdays@7pm, andrew@mavenrestaurantgroup.com, sydneym@mavenrestaurantgroup.com, eric@mavenrestaurantgroup.com"
12,http://www.thevortexatl.com,https://www.instagram.com/thevortexatl/,https://www.facebook.com/TheVortexMidtown,https://twitter.com/thevortexatl,"admin@thevortexatl.com, colin@thevortexatl.com"
13,https://www.duckdonuts.com,https://www.instagram.com/duckdonuts/,https://www.facebook.com/duckdonuts/,https://twitter.com/duckdonuts,"wght@0, pr@duckdonuts.com, social@duckdonuts.com"
14,https://www.chefwuga.com,,,,"core-js-bundle@3.2.1, focus-within-polyfill@5.0.9, 605a7baede844d278b89dc95ae0a9123@sentry-next.wixpress.com, 831126cb46b74583bf6f72c5061cba9d@sentry-viewer.wixpress.com, 8eb368c655b84e029ed79ad7a5c1718e@sentry.wixpress.com, lodash@4.17.21, react@16.14.0, react-dom@16.14.0, chefwuga@gmail.com"
15,https://www.krispykrunchy.com,https://www.instagram.com/krispykrunchychicken/,https://www.facebook.com/Krispy.Krunchy.Foods.LLC/,https://twitter.com/krispykrunchy,
16,http://www.maxlagers.com,,https://www.facebook.com/MaxLagersAtlanta/,https://twitter.com/MaxLagers,
17,http://blazesteakandseafood.com,https://www.instagram.com/blazesteakandseafood/,https://www.facebook.com/blazesteakandseafood/,https://twitter.com/search?q=blazesteakandseafood,
18,http://communityqbbq.com,,,http://www.twitter.com/Community_Q_BBQ/,"wght@0, communityqbbq@hotmail.com"
19,http://www.riasbluebird.com,https://instagram.com/riasbluebird/,https://www.facebook.com/pages/Rias-Bluebird/145963139774,https://twitter.com/riasbluebird,
20,https://crab404ga.smiledining.com,,,,
21,https://www.nuevolaredocantina.com,,,,
22,http://www.threetavernsbrewery.com,http://instagram.com/threetaverns,https://www.facebook.com/threetavernsbeer,https://twitter.com/ThreeTaverns,"nathan@threetavernsbrewery.com, brian@threetavernsbrewery.com, wght@0"
23,http://www.publikatl.com,http://instagram.com/publikatl,https://www.facebook.com/publik,https://twitter.com/PublikATL,"core-js-bundle@3.2.1, focus-within-polyfill@5.0.9, 605a7baede844d278b89dc95ae0a9123@sentry-next.wixpress.com, 831126cb46b74583bf6f72c5061cba9d@sentry-viewer.wixpress.com, 8c4075d5481d476e945486754f783364@sentry.io, lodash@4.17.21, react@16.14.0, react-dom@16.14.0, publik654@gmail.com"
24,http://www.zamamex.com,,https://www.facebook.com/wix,https://twitter.com/Wix,"core-js-bundle@3.2.1, focus-within-polyfill@5.0.9, 605a7baede844d278b89dc95ae0a9123@sentry-next.wixpress.com, 831126cb46b74583bf6f72c5061cba9d@sentry-viewer.wixpress.com, f1ffc0b5efe04e9eb9762cd808722520@sentry.wixpress.com, 8eb368c655b84e029ed79ad7a5c1718e@sentry.wixpress.com, 8c4075d5481d476e945486754f783364@sentry.io, lodash@4.17.21, react@16.14.0, react-dom@16.14.0"
25,http://www.namkitchenatl.com,http://instagram.com/namkitchenatl,https://www.facebook.com/Nam-Kitchen-Atl-360141771435813/?eid=ARC55nVt3ySUN8SMXu3QYViPVzX7_S4QilFeMh_-AP6r1gaRq3WcBBEquuIRnaZUDRp7T-JlnU5oqKi7,,
26,https://m.facebook.com,,/a/preferences.php?basic_site_devices=m_basic&sr_link=1&uri=https%3A%2F%2Fm.facebook.com%2Fhome.php&gfid=AQD1JBONaHQgUSCw53Q&refid=8,,
27,https://www.starbaratl.bar,http://instagram.com/starcommunitybar,https://www.facebook.com/star.bar.142/,https://twitter.com/starbaratlanta,"admin@starbaratl.bar, starbarshows@gmail.com"
28,https://www.oaksteakhouserestaurant.com,,,,"oaksteakhousealexandria@theindigoroad.com, oakcharlotte@theindigoroad.com, oakhighlands@theindigoroad.com, oakraleigh@theindigoroad.com"
29,https://delfriscos.com,https://www.instagram.com/del.friscos/,https://www.facebook.com/DelFrisco/,https://twitter.com/del_friscos,
30,http://www.orientexpressatl.com,,https://www.facebook.com/pages/category/Chinese-Restaurant/Orient-Express-212341182126141/,,
31,https://www.pizzeria-lucca.com,,https://www.facebook.com/pizzeria.lucca.roswell/,,
32,http://thecornertavern.com,,https://www.facebook.com/HapevilleCornerTavern/,,
33,http://www.creatwood-tavern.com,,https://www.facebook.com/Creatwood-Tavern-411267722399715/,,
34,https://www.jimellishyundai.com,,https://www.facebook.com/JimEllisHyundai,,"nr@seenerror, nr@wrapped, nr@context, nr@id, nr@original, batteries_dont-overtax@2x.jpg, batteries_drive-smarter@2x.jpg, batteries_regular-maintenance@2x.jpg, scottj@jimellis.com, haub@jimellis.com, frankd@jimellis.com, rossb@jimellis.com, qlittle@jimellis.com, cjohnson@jimellis.com, danielb@jimellis.com, kevinp@jimellis.com, aishab@jimellis.com"
35,http://www.yallcomengetit.com,,http://www.facebook.com/comengetitcobb,,
36,https://www.duckdonuts.com,https://www.instagram.com/duckdonuts/,https://www.facebook.com/duckdonuts/,https://twitter.com/duckdonuts,"wght@0, pr@duckdonuts.com, social@duckdonuts.com"
37,http://tacomac.com,https://www.instagram.com/tacomacofficial/,https://www.facebook.com/tacomacofficial,https://twitter.com/tacomacofficial,bootstrap@5.0.2
38,https://lamadeleine.com,,,,
39,http://wrsocialhouse.com,http://instagram.com/wr_socialhouse,https://www.facebook.com/wrsocialhouse/,,"wght@0, besocial@wrsocialhouse.com"
40,https://www.uscafe.net,,,,
41,http://doityourself-thepestcontrolstore.com,,,,
42,https://www.longhornsteakhouse.com,,,,
43,http://www.mariettapizza.com,,,,
44,https://www.kroger.com,/instagram,/facebook,/twitter,"powered-by-instacart@2x-7af04d1cbb5a35c1825a54844caf1a8f.png, 17a73cbe32d1421bb73bc112f010623e@o502263.ingest.sentry.io, landing-client@7418c6e81849ed525457787ca291f9b2e1f2462a, .@., .@.null, .@.1673020370343320, .@.1, .@.true, android.support@kroger.com, .@.0, supports-wallet@2x-daec7ef3fb160308d05ddd69a2b1dece.png, krogerprivacyoffice@kroger.com, e@ào4, ix@8, d@r, x@n, q@r, w@ve, j@t, gݖv@ݎơ, t@r, o@3, b@ddd, 8@_, tz3z@ke-, or@rprxrdrlr, of@fpfxfdflf, 偪@m, n@7, ڊ@z, 5@s, q@x6, ȯv@e, ò@cmin, r@ch, k@d, l@g, ayo@o, q@d, s8@t, z@b, ʃ@8, s@ԋ, e@3, 9_@y, hf@д, 1sun@fa, w@k, e@уmp, e@bt, e@xկ, 5@5p, z@z, m@nptl, y@y, d@la, el@t, k@_, g@o, xl@i, c@v, f@3, 0@8, w@gh, bj@l, rs@7, a3@3, k@sum, ˤwio@o, zg@gz, 5lo@s, g@g, 3@q, b@ĉ, -e@j, _@ݝ, to@9, zae@ٲ, k@w, t@s, zm@6, w@ߌt, gݴ@15, 8@n, im@-, k@ma, d@a, 6@ly, g@uqt, k@48g9-.bybgnptut3, ex@lu8, rk@3jm, z@wy_, jz@b, t@f, uӿns0-@y, t@z, oul@s, f@sԕ, ü@cb, u@u, v@f, r@9, x@b, j@f, 7@wi, o@-_, y@o, v@i, 0@q, y@x, z@d, a9߇@e, k@s, obf@2t, c@m, 9@ѵ, v@7, ƒkӗ@u, qy@lk, k@t, 02@c, l@8, hb@t, q@i, l@d, q@_, -e@4, o@j, x@p, v@j, p@t, qgj@ā, 8@rf, f@o, q@l, 7@a, mhsl@ea, r@a, 9@t, k@qc, o@m, b@4, 9@nl, j@o, t@n, v@v, q@sd, fm@k, 8@7, k@fb, b@ῢ, i@pլ, ǝ@8h, 9@e, 9@sp, x@uk, l@n2, z@yi, i@c9, m@o, .x@l, 6@mm, vm@p, i@o, v@ѓ, avk@-mź, 7@7, e@ī4f, da@., s@q, v@o, t@o, g@1u, 8@ԕ.n, l@tk., r@d, d@bo, p@z, 7@s, t@w, hh@s, hb@7, x@l, f@h, ڋ@j, zu@t, n@1, _a@q, xu@юf, 04@r, i@r, g@h, މr@m, f@2, p@3, y@l, st@9, ї@tr, v@5, ot@l, 6@m, 6@y, a@zzci, wղ@r, ɏ@b, _u@h, r@v, w@ym, .vh@m, bw@t, 4@ci, u7@q, k@0, 4@h, jlx@odq, o@c, k@z, b@oa, w@4x, y@9, u@z, zw@t, _8@pa, ɨ@l, ec@v, n@y, g@-, 40@w, q@s, z@ݦ, gx@b, zg@od, ĥa@m, r@y, 3@f, eqx@v, g@6, y@j, 4@fw, m@9, ny@d, 9@q, nj3suv@te, wak@p, ok@ge, m@oefpӎ, l@t-, w@o, ⶎ@b, c@w_g, b@9k, vm@½i, l@jk, k@2_, e@f, a@x, eh@a, n@jg, a@i, dɔ@yī, 1@py7mcq, b@e, 媭@wr, b@jo, s@u, o@d, nx.@4, 0@p, լ@4, e@0, 2@s, 9@3, c@h, ɚ@igo, a@cj0, q4@l, 0@a, j@a, w@du, as@w, a@js, ԟף@u, u6@c, l@0, k@h, w@ü, z@ε, ew@c, p@en, 8m4@o, .@m, 6@xxˇ, y@0vcvv, 6@ch, d@9a, u@o, fk@mia, 0@o, g@k, z@g, h@1r, n@w, b@a, y@s, 1p@l, dv@x, u@e, ҋ0x@z, x@z, -e@mo, 6@4, j@s, q@h, u@ތ, t0@hfe, q@e, y4@d, 58q@t, l@j, c@b, qqf@g2, x@e, p@f, _@n9, t@ӆ, _@9, gzo@ee, a@z, l@pa, h@lt, r2v@i, ƚ@u, 4@c, -l@u, j@j, 6l@k, w@6, f@z, h@s, u@ǯ, z@wm, ngćr@o, el@ԯ, e@o, u@r, 3@x, kbq@ż, s@e, b@ج, r9@es, c3t@a, 7@t, c@d, o@_, fރ@oa, v@b, 0@d, u@c, l@z, yn@z, z@q, p@5, r@jj, b@h, c@4, eh@q, el@ǚ, v@m, w@t, 8@p, 7@k, 3@pa, i@8, 8r@t, j@6, h@3, l@y, d@v, 8@i, j6ß@3, p@q, l@v, 2@pz, 69j@i, g@z, hrr@f, s@t, 7z@glt, z@sjk, t@vg, ӳ8@g, az@4id, n@¼, s@v, r@ϋ, i@v, dû@t, 19n@td, 5zw@xр, 1@7, ӝ@y, e@fғ, dc@wg, o@t, 0e@_w, 3@-, m@f, wŝe@һ, l@7ây, l@_, g@d, ʝ@-d, 6@s, b@jq_, v@t, c@2i, ͱ6@_i, z@rw, jf@2c, g@s, v@wt, ius@h, t@z2, ru@j, rr9l@4, k@k, -@c, aej@x, r@l, m@v, f@pyty, դj@rg, r@ecw3, u@8jr, q@w, ӊdq@t, e4q@i, h@ӯ, w@u, oz@1, ak@b, d@m, z@_, u@d, zo@x, d@f퐢, rp@yk4, s@4, tt@l, _@d, c@c, ő@lzm, ie@xhb, e@l, a@w, 3@h, jǵn@wr, s@h, ބ@mk, n@f, l@t, a@8, o@a, sa@y, wn@f, j@7, ao2@as, l@u, g3ʭ@8, 3u@m, _@., logo46x38@2x.png, wght@300, wght@300..900"
45,https://www.speedeeoil.com,,,,"reception@fullspeedautomotive.com, consumerrelationsspeedee@speedeecorp.com"
46,https://www.safelite.com,https://www.instagram.com/safelite/,https://www.facebook.com/safelite,https://www.twitter.com/safelite,"safelite-autoglass-t@1-5x.png, share@1x.png, safelite-autoglass-m@3x.png, safelite-autoglass-m@2x.png, safelite-autoglass-m@1-5x.png, safelite-autoglass-t@3x.png, safelite-autoglass-t@2x.png, smiling_tech-m@3x.jpg, smiling_tech-m@2x.jpg, smiling_tech-m@1-5x.jpg, smiling_tech-m@1x.jpg, smiling_tech-wm@3x.jpg, smiling_tech-wm@2x.jpg, smiling_tech-wm@1-5x.jpg, smiling_tech-wm@1x.jpg, smiling_tech-t@3x.jpg, smiling_tech-t@2x.jpg, smiling_tech-t@1-5x.jpg, smiling_tech-t@1x.jpg, smiling_tech-d@3x.jpg, smiling_tech-d@2x.jpg, smiling_tech-d@1-5x.jpg, smiling_tech-d@1x.jpg, smiling_tech-wd@3x.jpg, smiling_tech-wd@2x.jpg, smiling_tech-wd@1-5x.jpg, smiling_tech-wd@1x.jpg, servicedetails_shadow@3x.png, servicedetails_shadow@2x.png, servicedetails_shadow@1-5x.png, locationmarker_shadow@3x.png, locationmarker_shadow@2x.png, locationmarker_shadow@1-5x.png, wrench_shadow@3x.png, wrench_shadow@2x.png, wrench_shadow@1-5x.png, same-day-uwm@3x.jpg, same-day-uwm@2x.jpg, same-day-uwm@1-5x.jpg, same-day@2x, same-day@1-5x.jpg, drop-go@3x.jpg, drop-go@2x.jpg, drop-go@1-5x.jpg, facebook@3x.png, facebook@2x.png, facebook@1-5x.png, twitter@3x.png, twitter@2x.png, twitter@1-5x.png, instagram@3x.png, instagram@2x.png, instagram@1-5x.png, linkedin@3x.png, linkedin@2x.png, linkedin@1-5x.png, repairinspect_tech-d@3x.jpg, repairinspect_tech-d@2x.jpg, repairinspect_tech-d@1-5x.jpg, repairinspect_tech-d@1x.jpg, repairinspect_tech-wd@3x.jpg, repairinspect_tech-wd@2x.jpg, repairinspect_tech-wd@1-5x.jpg, repairinspect_tech-wd@1x.jpg, ws-repair-girltech@3x.jpg, ws-repair-girltech@2x.jpg, ws-repair-girltech@1-5x.jpg, safelite-store@3x.jpg, safelite-store@2x.jpg, safelite-store@1-5x.jpg, ws_replace@3x.jpg, ws_replace@2x.jpg, ws_replace@1-5x.jpg, back-glass@3x.jpg, back-glass@2x.jpg, back-glass@1-5x.jpg, side-window@3x.jpg, side-window@2x.jpg, side-window@1-5x.jpg, power-window@2x.jpg, power-window@1-5x.jpg, ss-recal@3x.jpg, ss-recal@2x.jpg, ss-recal@1-5x.jpg, replacement_tech-d@3x.jpg, replacement_tech-d@2x.jpg, replacement_tech-d@1-5x.jpg, replacement_tech-d@1x.jpg, replacement_tech-wd@3x.jpg, replacement_tech-wd@2x.jpg, replacement_tech-wd@1-5x.jpg, replacement_tech-wd@1x.jpg, ws_repair@3x.jpg, ws_repair@2x.jpg, ws_repair@1-5x.jpg, rear_windshield_tech-d@3x.jpg, rear_windshield_tech-d@2x.jpg, rear_windshield_tech-d@1-5x.jpg, rear_windshield_tech-d@1x.jpg, rear_windshield_tech-wd@3x.jpg, rear_windshield_tech-wd@2x.jpg, rear_windshield_tech-wd@1-5x.jpg, rear_windshield_tech-wd@1x.jpg, customer-handshake@3x.jpg, customer-handshake@2x.jpg, customer-handshake@1-5x.jpg, sidewindow_tech-d@3x.jpg, sidewindow_tech-d@2x.jpg, sidewindow_tech-d@1-5x.jpg, sidewindow_tech-d@1x.jpg, sidewindow_tech-wd@3x.jpg, sidewindow_tech-wd@2x.jpg, sidewindow_tech-wd@1-5x.jpg, sidewindow_tech-wd@1x.jpg, safelite-vacuum-replace@3x.jpg, safelite-vacuum-replace@2x.jpg, safelite-vacuum-replace@1-5x.jpg, power-window-tech-d@3x.jpg, power-window-tech-d@2x.jpg, power-window-tech-d@1-5x.jpg, power-window-tech-d@1x.jpg, power-window-tech-wd@3x.jpg, power-window-tech-wd@2x.jpg, power-window-tech-wd@1-5x.jpg, power-window-tech-wd@1x.jpg, power-window-motor@3x.jpg, power-window-motor@2x.jpg, power-window-motor@1-5x.jpg, power-window-shop@3x.jpg, power-window-shop@2x.jpg, power-window-shop@1-5x.jpg, power-window-manual@3x.jpg, power-window-manual@2x.jpg, power-window-manual@1-5x.jpg, recalibration-adas-tech-d@3x.jpg, recalibration-adas-tech-d@2x.jpg, recalibration-adas-tech-d@1-5x.jpg, recalibration-adas-tech-d@1x.jpg, recalibration-adas-tech-wd@3x.jpg, recalibration-adas-tech-wd@2x.jpg, recalibration-adas-tech-wd@1-5x.jpg, recalibration-adas-tech-wd@1x.jpg, dynamic-recalibration@3x.jpg, dynamic-recalibration@2x.jpg, dynamic-recalibration@1-5x.jpg, static-recalibration@3x.jpg, static-recalibration@2x.jpg, static-recalibration@1-5x.jpg, adas-process@3x.jpg, adas-process@2x.jpg, adas-process@1-5x.jpg, customer-reviews-d@3x.jpg, customer-reviews-d@2x.jpg, customer-reviews-d@1-5x.jpg, customer-reviews-d@1x.jpg, customer-reviews-wd@3x.jpg, customer-reviews-wd@2x.jpg, customer-reviews-wd@1-5x.jpg, customer-reviews-wd@1x.jpg, yotpo@3x.png, yotpo@2x.png, yotpo@1-5x.png, shield@3x.png, shield@2x.png, shield@1-5x.png, mobileinshop@3x.png, mobileinshop@2x.png, mobileinshop@1-5x.png, advantage@3x.png, advantage@2x.png, advantage@1-5x.png, glassrecycling@3x.png, glassrecycling@2x.png, glassrecycling@1-5x.png, warranty-d@3x.jpg, warranty-d@2x.jpg, warranty-d@1-5x.jpg, warranty-d@1x.jpg, warranty-wd@3x.jpg, warranty-wd@2x.jpg, warranty-wd@1-5x.jpg, warranty-wd@1x.jpg, customer.care@safelite.com, starrating@3x.png, starrating@2x.png, starrating@1-5x.png, pricetag_shadow@3x.png, pricetag_shadow@2x.png, pricetag_shadow@1-5x.png, safelite_locations-d@3x.jpg, safelite_locations-d@2x.jpg, safelite_locations-d@1-5x.jpg, safelite_locations-d@1x.jpg, safelite_locations-wd@3x.jpg, safelite_locations-wd@2x.jpg, safelite_locations-wd@1-5x.jpg, safelite_locations-wd@1x.jpg, ribbon_shadow@3x.png, ribbon_shadow@2x.png, ribbon_shadow@1-5x.png, shield_shadow@3x.png, shield_shadow@2x.png, shield_shadow@1-5x.png, checklist_shadow@3x.png, checklist_shadow@2x.png, checklist_shadow@1-5x.png, safelite-locations-map@3x.jpg, safelite-locations-map@2x.jpg, safelite-locations-map@1-5x.jpg, branding-safelite-autoglass-m@3x.png, branding-safelite-autoglass-m@2x.png, branding-safelite-autoglass@3x.png, branding-safelite-autoglass@2x.png, careers_fade-m@3x.jpg, careers_fade-m@2x.jpg, careers_fade-m@1-5x.jpg, careers_fade-wm@3x.jpg, careers_fade-wm@2x.jpg, careers_fade-wm@1-5x.jpg, careers_fade-t@3x.jpg, careers_fade-t@2x.jpg, careers_fade-t@1-5x.jpg, careers_fade-d@3x.jpg, careers_fade-d@2x.jpg, careers_fade-d@1-5x.jpg, careers_fade-wd@3x.jpg, careers_fade-wd@2x.jpg, careers_fade-wd@1-5x.jpg, technician@3x.png, technician@2x.png, technician@1.5x.png, customerservice@3x.png, customerservice@2x.png, customerservice@1.5x.png, corporate@3x.png, corporate@2x.png, corporate@1.5x.png, leaders@3x.png, leaders@2x.png, leaders@1.5x.png, militaryfriendly@3x.jpg, militaryfriendly@2x.jpg, militaryfriendly@1.5x.jpg, glassdoor@3x.jpg, glassdoor@2x.jpg, glassdoor@1.5x.jpg, autoglass@3x.png, autoglass@2x.png, autoglass@1-5x.png, wrench@3x.png, wrench@2x.png, wrench@1-5x.png, pricetag@3x.png, pricetag@2x.png, pricetag@1-5x.png, lock@3x.png, lock@2x.png, lock@1-5x.png, libertymutual_tech-d@3x.jpg, libertymutual_tech-d@2x.jpg, libertymutual_tech-d@1-5x.jpg, libertymutual_tech-d@1x.jpg, libertymutual_tech-wd@3x.jpg, libertymutual_tech-wd@2x.jpg, libertymutual_tech-wd@1-5x.jpg, libertymutual_tech-wd@1x.jpg, fix-my-glass@3x.jpg, fix-my-glass@2x.jpg, fix-my-glass@1-5x.jpg, calendar@3x.png, calendar@2x.png, calendar@1-5x.png, chat@3x.png, chat@2x.png, chat@1-5x.png, help-center-faq-d@3x.jpg, help-center-faq-d@2x.jpg, help-center-faq-d@1-5x.jpg, help-center-faq-d@1x.jpg, help-center-faq-wd@3x.jpg, help-center-faq-wd@2x.jpg, help-center-faq-wd@1-5x.jpg, help-center-faq-wd@1x.jpg, checklist@3x.png, checklist@2x.png, checklist@1-5x.png, payment-options-d@3x.jpg, payment-options-d@2x.jpg, payment-options-d@1-5x.jpg, payment-options-d@1x.jpg, payment-options-wd@3x.jpg, payment-options-wd@2x.jpg, payment-options-wd@1-5x.jpg, payment-options-wd@1x.jpg, vehicles-d@3x.jpg, vehicles-d@2x.jpg, vehicles-d@1-5x.jpg, vehicles-d@1x.jpg, vehicles-wd@3x.jpg, vehicles-wd@2x.jpg, vehicles-wd@1-5x.jpg, vehicles-wd@1x.jpg, acura@3x.jpg, acura@2x.jpg, acura@1-5x.jpg, audi@3x.jpg, audi@2x.jpg, audi@1-5x.jpg, bmw@3x.jpg, bmw@2x.jpg, bmw@1-5x.jpg, buick@3x.jpg, buick@2x.jpg, buick@1-5x.jpg, cadillac@3x.jpg, cadillac@2x.jpg, cadillac@1-5x.jpg, chevrolet@3x.jpg, chevrolet@2x.jpg, chevrolet@1-5x.jpg, dodge@3x.jpg, dodge@2x.jpg, dodge@1-5x.jpg, fiat@3x.jpg, fiat@2x.jpg, fiat@1-5x.jpg, ford@3x.jpg, ford@2x.jpg, ford@1-5x.jpg, gmc@3x.jpg, gmc@2x.jpg, gmc@1-5x.jpg, crysler@3x.jpg, crysler@2x.jpg, crysler@1-5x.jpg, honda@3x.jpg, honda@2x.jpg, honda@1-5x.jpg, hummer@3x.jpg, hummer@2x.jpg, hummer@1-5x.jpg, hyundai@3x.jpg, hyundai@2x.jpg, hyundai@1-5x.jpg, infiniti@3x.jpg, infiniti@2x.jpg, infiniti@1-5x.jpg, jaguar@3x.jpg, jaguar@2x.jpg, jaguar@1-5x.jpg, jeep@3x.jpg, jeep@2x.jpg, jeep@1-5x.jpg, kia@3x.jpg, kia@2x.jpg, kia@1-5x.jpg, landrover@3x.jpg, landrover@2x.jpg, landrover@1-5x.jpg, lexus@3x.jpg, lexus@2x.jpg, lexus@1-5x.jpg, lincoln@3x.jpg, lincoln@2x.jpg, lincoln@1-5x.jpg, mazda@3x.jpg, mazda@2x.jpg, mazda@1-5x.jpg, mercedes@3x.jpg, mercedes@2x.jpg, mercedes@1-5x.jpg, mercury@3x.jpg, mercury@2x.jpg, mercury@1-5x.jpg, mini@3x.jpg, mini@2x.jpg, mini@1-5x.jpg, mitsubishi@3x.jpg, mitsubishi@2x.jpg, mitsubishi@1-5x.jpg, nissan@3x.jpg, nissan@2x.jpg, nissan@1-5x.jpg, pontiac@3x.jpg, pontiac@2x.jpg, pontiac@1-5x.jpg, porsche@3x.jpg, porsche@2x.jpg, porsche@1-5x.jpg, saab@3x.jpg, saab@2x.jpg, saab@1-5x.jpg, subaru@3x.jpg, subaru@2x.jpg, subaru@1-5x.jpg, suzuki@3x.jpg, suzuki@2x.jpg, suzuki@1-5x.jpg, tesla@3x.jpg, tesla@2x.jpg, tesla@1-5x.jpg, toyota@3x.jpg, toyota@2x.jpg, toyota@1-5x.jpg, volkswagen@3x.jpg, volkswagen@2x.jpg, volkswagen@1-5x.jpg, volvo@3x.jpg, volvo@2x.jpg, volvo@1-5x.jpg, auto-glass-technology-d@3x.jpg, auto-glass-technology-d@2x.jpg, auto-glass-technology-d@1-5x.jpg, auto-glass-technology-d@1x.jpg, auto-glass-technology-wd@3x.jpg, auto-glass-technology-wd@2x.jpg, auto-glass-technology-wd@1-5x.jpg, auto-glass-technology-wd@1x.jpg, windshield-uwm@3x.png, windshield-uwm@2x.png, windshield-uwm@1-5x.png, windshield-a@3x.png, windshield-a@2x.png, windshield-a@1-5x.png, front@3x.png, front@2x.png, front@1-5x.png, rear@3x.png, rear@2x.png, rear@1-5x.png, side@3x.png, side@2x.png, side@1-5x.png, vent@3x.png, vent@2x.png, vent@1-5x.png, quarter@3x.png, quarter@2x.png, quarter@1-5x.png, sliders@3x.png, sliders@2x.png, sliders@1-5x.png, sunroof@3x.png, sunroof@2x.png, sunroof@1-5x.png, adas@3x.png, adas@2x.png, adas@1-5x.png, light-sensor@3x.png, light-sensor@2x.png, light-sensor@1-5x.png, rain-sensor@3x.png, rain-sensor@2x.png, rain-sensor@1-5x.png, vin@3x.png, vin@2x.png, vin@1-5x.png, heads-up@3x.png, heads-up@2x.png, heads-up@1-5x.png, infrared@3x.png, infrared@2x.png, infrared@1-5x.png, defroster@3x.png, defroster@2x.png, defroster@1-5x.png, band@3x.png, band@2x.png, band@1-5x.png, night-vision@3x.png, night-vision@2x.png, night-vision@1-5x.png, glass-cleaner@3x.jpg, glass-cleaner@2x.jpg, glass-cleaner@1-5x.jpg, amazon-logo-black@3x.png, amazon-logo-black@2x.png, amazon-logo_black@1-5x.png, wiper-blades@3x.jpg, wiper-blades@2x.jpg, wiper-blades@1-5x.jpg, choose-safelite-d@3x.jpg, choose-safelite-d@2x.jpg, choose-safelite-d@1-5x.jpg, choose-safelite-d@1x.jpg, choose-safelite-wd@3x.jpg, choose-safelite-wd@2x.jpg, choose-safelite-wd@1-5x.jpg, choose-safelite-wd@1x.jpg, mobile-inshop-d@3x.jpg, mobile-inshop-d@2x.jpg, mobile-inshop-d@1-5x.jpg, mobile-inshop-d@1x.jpg, mobile-inshop-wd@3x.jpg, mobile-inshop-wd@2x.jpg, mobile-inshop-wd@1-5x.jpg, mobile-inshop-wd@1x.jpg, contactless@3x.jpg, contactless@2x.jpg, contactless@1-5x.jpg, store-img@3x.jpg, store-img@2x.jpg, store-img@1-5x.jpg, mobile-img@3x.jpg, mobile-img@2x.jpg, mobile-img@1-5x.jpg, glass-recycling_d@3x.jpg, glass-recycling_d@2x.jpg, glass-recycling_d@1-5x.jpg, glass-recycling_d@1x.jpg, glass-recycling_wd@3x.jpg, glass-recycling_wd@2x.jpg, glass-recycling_wd@1-5x.jpg, glass-recycling_wd@1x.jpg, glass@3x.jpg, glass@2x.jpg, glass@1-5x.jpg, about-safelite-d@3x.jpg, about-safelite-d@2x.jpg, about-safelite-d@1-5x.jpg, about-safelite-d@1x.jpg, about-safelite-wd@3x.jpg, about-safelite-wd@2x.jpg, about-safelite-wd@1-5x.jpg, about-safelite-wd@1x.jpg, givingback@3x.png, givingback@2x.png, givingback@1-5x.png, news@3x.png, news@2x.png, news@1-5x.png, team@3x.png, team@2x.png, team@1-5x.png, handshake@3x.png, handshake@2x.png, handshake@1-5x.png, companies@3x.png, companies@2x.png, companies@1-5x.png, reneecacchillo@3x.jpg, reneecacchillo@2x.jpg, reneecacchillo@1-5x.jpg, renee.k.cacchillo@safelite.com, gannon-jones@1-5.jpg, gannon-jones@3x.jpg, gannon-jones@2x.jpg, gannon.j.jones@safelite.com, cindyelliott@3x.jpg, cindyelliott@2x.jpg, cindyelliott@1-5x.jpg, cynthia.l.elliott@safelite.com, ryantrierweiler@3x.jpg, ryantrierweiler@2x.jpg, ryantrierweiler@1-5x.jpg, ryan.a.trierweiler@safelite.com, timspencer@3x.jpg, timspencer@2x.jpg, timspencer@1-5x.jpg, timothy.j.spencer@safelite.com, john-stacy@3x.jpg, john-stacy@2x.jpg, john-stacy@1-5x.jpg, john.stacy@safelite.com, scott-koenigs@1-5.jpg, scott-koenigs@3x.jpg, scott-koenigs@2x.jpg, scott.k.koenigs@safelite.com, inshop@3x.png, inshop@2x.png, inshop@1-5x.png, press-release-d@3x.jpg, press-release-d@2x.jpg, press-release-d@1-5x.jpg, press-release-d@1x.jpg, press-release-wd@3x.jpg, press-release-wd@2x.jpg, press-release-wd@1-5x.jpg, press-release-wd@1x.jpg, safelite-foundation-d@3x.jpg, safelite-foundation-d@2x.jpg, safelite-foundation-d@1-5x.png, safelite-foundation-d@1x.jpg, safelite-foundation-wd@3x.jpg, safelite-foundation-wd@2x.jpg, safelite-foundation-wd@1-5x.jpg, safelite-foundation-wd@1x.jpg, onlinehelp@safelite.com., california@2x.png, scale@2x.png, cookie@2x.png, badge@2x.png, onlinehelp@safelite.com"
47,http://www.mariettafishmarket.net,,,,info@mariettafishmarket.com
48,https://locations.wafflehouse.com,https://www.instagram.com/wafflehouseofficial/,https://www.facebook.com/WaffleHouse,https://twitter.com/wafflehouse,"brkfst-favs-nav-img@2x.png, lunch-dinner-favs-nav-img@2x.png, gift-card-nav-img@2x.png, merchandise-nav-img@2x.png, regulars-nav-img@2x.png, news-room-nav-img@2x.png, our-story-nav-img@2x.png, giving-back-nav-img@2x.png, waffle-museum-nav-img@2x.png, music-nav-img@2x.png, ada-logo190@2x.png"
49,https://www.hertz.com,,,,
50,https://locations.jimmyjohns.com,#section-instagram-posts,https://www.facebook.com/jimmyjohns/,https://twitter.com/jimmyjohns,
51,https://www.chick-fil-a.com,https://www.instagram.com/chickfila/,https://www.facebook.com/ChickfilA/,https://twitter.com/ChickfilA,"cfapressroom@chick-fil-a.com, giftcards@cfaservco.com, chickfila@wgiftcard.com, cfasocial@chick-fil-a.com, privacy@chick-fil-a.com, privacy.puertorico@chick-fil-a.com, privacy.canada@chick-fil-a.com, dmca@chick-fil-a.com, franchiseprivacy@chick-fil-a.com, talentprivacy@chick-fil-a.com, businessprivacy@chick-fil-a.com"
52,https://www.olivegarden.com,,,,
53,https://www.popeyes.com,,,,
54,https://locations.kfc.com,https://instagram.com/kfc,https://facebook.com/kfc,https://twitter.com/kfc,
55,https://www.zaxbys.com,,,,
56,https://locations.deltaco.com,https://instagram.com/deltaco/,https://www.facebook.com/deltaco,https://twitter.com/deltaco,
57,http://joystickgamebar.com,http://instagram.com/joystickgamebar,http://facebook.com/joystickgamebar,,"player1@joystickgamebar.com, agm@joystickgamebar.com, eventczar@joystickgamebar.com"
58,https://atlpeachroll.com,https://www.instagram.com/atlpeachroll,https://www.facebook.com/200062747255217,https://www.twitter.com/atlpeachroll,"atlpeachroll@gmail.com, jobs.atlpeachroll@gmail.com"
59,http://www.badearl.com,https://www.instagram.com/badearl,https://www.facebook.com/EARLeav/,https://twitter.com/earl_eav,info@badearl.com
60,http://www.ladybirdatl.com,https://www.instagram.com/ladybirdatlanta,https://www.facebook.com/ladybirdatlanta,,"wght@400, info@ladybirdatl.com, catering@electric-hospitality.com"
61,http://furbus.com,https://www.instagram.com/furbusatlanta/,,,"furbus@furbus.com, experiences@furbus.com, allyson@furbus.com, stacy@furbus.com, makayla@furbus.com"
62,https://redphonebooth.com,https://www.instagram.com/rpbatlanta/,https://www.facebook.com/rpbatlanta/,https://www.twitter.com/rpbatlanta/,"ui@4.0, info@redphonebooth.com, info@redphonebooth.com., tresa@legacy-pr.com, leon@redphonebooth.com, nick@redphonebooth.com, rpbnashvillegm@gmail.com, help@redphonebooth.com"
63,http://www.glennsskylounge.com,https://www.instagram.com/skyloungeatl,https://www.facebook.com/140144622687520,https://www.twitter.com/ATLSkyLounge,"leaflet@1.3.1, glennsskylounge@lvmgt.com, lcrockett@lvmgt.com, bboatner@lvmgt.com, slabron@lvmgt.com"
64,https://redphonebooth.com,https://www.instagram.com/rpbatlanta/,https://www.facebook.com/rpbatlanta/,https://www.twitter.com/rpbatlanta/,"ui@4.0, info@redphonebooth.com, info@redphonebooth.com., tresa@legacy-pr.com, leon@redphonebooth.com, nick@redphonebooth.com, rpbnashvillegm@gmail.com, help@redphonebooth.com"
65,https://www.postinowinecafe.com,,,,
66,http://vibesniteclub.com,,,,
67,http://sisterlouisaschurch.com,,http://www.facebook.com/SisterLouisasChurch,http://twitter.com/sisterlouisa,
68,http://www.industrytavern.com,http://instagram.com/industrytavern/,https://www.facebook.com/IndustryTavern,https://twitter.com/IndustryTavern,
69,http://theanguishedbarber.com,https://www.instagram.com/theanguishedbarber/,https://www.facebook.com/theanguishedbarber/,,nr@context
70,http://modishatl.com,,,,"core-js-bundle@3.2.1, focus-within-polyfill@5.0.9, 605a7baede844d278b89dc95ae0a9123@sentry-next.wixpress.com, 831126cb46b74583bf6f72c5061cba9d@sentry-viewer.wixpress.com, 8eb368c655b84e029ed79ad7a5c1718e@sentry.wixpress.com, lodash@4.17.21, react@16.14.0, react-dom@16.14.0, modishatl@gmail.com"
71,http://highnoteatl.com,https://www.instagram.com/highnoteatl/?hl=en,,,"wght@0, hello@highnoteatl.com, jeffrey.carlson@marriott.com, michael.cooper2@marriott.com, emina.elwood@marriott.com, jamie.krueger@marriott.com"
72,http://www.littlespiritatl.com,https://www.instagram.com/littlespiritatl,https://www.facebook.com/littlespiritatl/,,"wght@0, info@littlespiritatl.com"
73,https://www.fattuesday.com,https://www.instagram.com/fattuesdays/,https://www.facebook.com/fattuesdaydaiquiris,https://twitter.com/fat_tuesday,
74,http://www.sovereignsweets.com,https://www.instagram.com/sovereignsweets,https://www.facebook.com/sovereignsweets,,"matt@pixelspread.com, impallari@gmail.com, hello@rfuenzalida.com, info@sovereignsweets.com"
75,http://msttucker.com,,,,"moonshadowtavernbooking@gmail.com, k@д, u_@0, f@.c, a@z, ts@w, 7g@z, n@5, u@yx, .f@q, dw@g, d@d, qv@qe, v@1, m@zpz, qv@w, 6@8, rf@b, ã.@ʜ, r@u, u@s, f@8, b@x, 3sb@a, np@0, u@., sb@a, xp@ee㺑ڕ9, p@9, n@8, qeh@qe, e@j, jv@1, t@-"
76,http://5churchbuckhead.com,https://www.instagram.com/5church_buckhead,https://www.facebook.com/108690868108266,https://www.twitter.com/5ChurchATL,"leaflet@1.3.1, sales@5churchatlanta.com"
77,http://www.nouveaubar.com,https://www.instagram.com/nouveaubaratl/,https://www.facebook.com/nouveaubaratl/,,"info@nouveaubar.com, cpreservations@nouveaubar.com, jbreservations@nouveaubar.com"
78,http://www.republicatl.com,https://instagram.com/republicatlanta/,https://www.facebook.com/RepublicAtlanta/,,
79,http://www.bluemartini.com,https://www.instagram.com/bluemartinilounge/,https://www.facebook.com/bluemartinilounge,https://twitter.com/BLUEMARTINIMAIN,
80,http://estoriabar.com,https://www.instagram.com/squarespace/,https://www.facebook.com/squarespace,https://twitter.com/squarespace,
81,https://www.epicureanhotelatlanta.com,https://www.instagram.com/epicureanatlanta/,https://www.facebook.com/epicureanatlanta,https://twitter.com/EpicHotelATL,noreply@email.mainsaillodging.com
82,http://www.theblindpigparlourbar.com,https://www.instagram.com/theblindpigparlourbar/,https://www.facebook.com/theblindpigparlourbar,,"wght@400, wght@0, theblindpig@sphospitality.com, n@ŉ, k@5, v@z, n@ҟ, ߤ@vؤjyi, k@s, p@u, 賉@f, g@r, 2@w, de@gj, 8r@l, s@6_, f@ǧ, ӓ@lf, ߢ@f, pp@j, ebtj@hma, dvfm@fo, uz@_dpo, mmhd@r, e@cxq, 3r1@ktd, l@m, pnu@v, tc@_, r_r@p, d@x, 81@b, l4d4@d4xx, h@₈, 4l@h, q@f, o@ӵz, m@ҩ, p@v, w@y, m@dg, z.xh@vu, 3@d, t@1, z@2, qs@., w@ޡ, i@a, c_j@., p@_, jb@t, wd@fu, b@hi, rg@9u, y@r5, p4@b, 7@ڨ, y@7, bwҝ@7ٷ, e@z, w@w, r@ʀg, xk@a, y@0, j@y, eox@2o, ě8@gq, w@1, v@l, l@z, gx@b8, 6@mu, b@h, 8@m, k@p, g@7s, y@h, l@2q, b@d, r@h6, y@k7, u@ڳ, dqn@dtի, q뭿@z, 9b@d8, d@n9, 3vgb@j, 0@k, vs@i, 9n@3, d@ǉ, zs@r, t@2, y@z, 8r@p8, c@dp4, bk@ga4, j@q, ԟӛ@a, a0@qa_, c@j, -@c, bk@b, o@a, o@e7l, s@g, we@bc, rn@e, iqer@q, p@1, _kmz@o, h@t, k@q, p@er, v@74, a@ν, k_@h, ҧ@i, 8@g, k@., փ@3, t@y, xx@r, n@n, i@7, m0@4w, y@m, m@c, kw@d, ipq@ёx, t@i, b@l, ws@hj, ȷa@i, 6@a, c@mg, u@o, i@., l@1, 7@u, zhwl@f, a@jum, 6@n, l@xw, 2@dd, aj@q, 1@w, h@o, q@0, ղ@v, n@g, xr@դ, v@hc, x@h, j@m, z8䑒@߂ꦡ, sӫu@3qՙ, ò@l, av@t, ra@aqr, gc@1, yfl@c, cw@a, d@l, m@n, o@v, 7@s, 3@1, êqq@a, eq@p, b0@z, x@d, s@px殂, vt@h., x@nq, 6@2, byi@h, x@., c@r, vdv@x, i@e, 2nc@_, l@h, te@p, fm@pd, .@h, χ@3sdb"
83,https://www.thepaintedpin.com,https://instagram.com/thepaintedpinatl,https://www.facebook.com/thepaintedpin,https://twitter.com/thepaintedpin,"william@thepaintedpin.com, hannah@ctrxhs.com, hannah@huffandco.com, justin@paintedhospitality.com"
84,https://bellyardhotel.com,https://www.instagram.com/bellyardhotel/,https://www.facebook.com/BellyardHotel/,,"info@bellyardhotel.com, foodandbeverage@bellyardhotel.com, drawbar@bellyardhotel.com., mwolkin@bellyardhotel.com, mwolkin@bellyardhotel.com., sales@bellyardhotel.com, isotope-layout@3, email@address.com, email@address.com."
85,http://www.northsidetavern.com,https://www.instagram.com/thenorthsidetavern/?hl=en,https://www.facebook.com/northsidetavernatl,,
86,http://supplydemandatl.com,https://www.instagram.com/sanddatl,https://www.facebook.com/youdemandwesupply/?ref=br_rs,,
87,https://brewandbird.com,,https://www.facebook.com/382045445605795,,
88,https://www.hyattcentricbuckheadrestaurantsatl.com,,,,spacemansales@hyatt.com
89,http://www.thevortexatl.com,https://www.instagram.com/thevortexatl/,https://www.facebook.com/TheVortexMidtown,https://twitter.com/thevortexatl,"admin@thevortexatl.com, colin@thevortexatl.com"
90,https://moondogsbar.com,https://www.instagram.com/moondogsatl/,https://www.facebook.com/TheMoondogsAtlanta/,https://twitter.com/MoondogsAtlanta,"wght@400, wght@0, info@moondogsbar.com"
91,http://themanchesterarmsatl.com,,https://www.facebook.com/officialmanchesterarmspub,,"core-js-bundle@3.2.1, focus-within-polyfill@5.0.9, 605a7baede844d278b89dc95ae0a9123@sentry-next.wixpress.com, 831126cb46b74583bf6f72c5061cba9d@sentry-viewer.wixpress.com, 8eb368c655b84e029ed79ad7a5c1718e@sentry.wixpress.com, bfb679c754744c58a7374ee6e25cfc13@sentry.wixpress.com, lodash@4.17.21, react@16.14.0, react-dom@16.14.0, info@mysite.com, booking@manchesterarmspub.com"
92,http://boho115.com,https://www.instagram.com/boho.115/,,,michele@boho115.com
93,https://www.twourbanlicks.com,https://instagram.com/twourbanlicks,https://www.facebook.com/TwoUrbanLicks,https://twitter.com/2UrbanLicks,caren@carenwestpr.com
94,http://www.thevillagedunwoody.com,,,,"n@media, hello@thevillagedunwoody.com, nick@dash-hospitality.com, cyndi@dash-hospitality.com"
95,http://www.johnnyshideaway.com,,,,"wght@300, n@media, n@import, hideawayatl@yahoo.com, melissa@thinkmla.com, chris@johnnyshideaway.com"
96,http://liveatthebatteryatlanta.com,https://www.instagram.com/livebatteryatl/,https://www.facebook.com/livebatteryatl/,https://twitter.com/livebatteryatl,"events@liveatthebatteryatlanta.com, info@liveatthebatteryatlanta.com, obuncum@liveatthebatteryatlanta.com, dking@liveatthebatteryatlanta.com, cmenard@sportsandsocialatl.com, jgillis@pbratl.com, privacy@livedistricts.com, dmca@ecimgt.com, legal-eci@ecimgt.com"
97,http://www.burnloungeatl.com,,,,
98,http://linktr.ee,https://instagram.com/linktr.ee,,https://twitter.com/linktree_,press@linktr.ee
99,https://www.facebook.com,,https://www.facebook.com/,,
100,http://www.myparentsbasementcbcb.com,https://www.instagram.com/p/Clro0pWuhT_/,https://www.facebook.com/MyParentsBasement,http://www.twitter.com/CraftComics/,"mpbcomics@gmail.com, kelleympbcbcb@gmail.com, demosmashbash@gmail.com, o@ja, f@c, f@9, 4@m, k@k, q@¾, o@l, p@-, 0@4, o@9"
101,http://www.impulseloungekaraoke.com,,,,
102,https://www.thepatioatl.com,,,,
103,https://www.roseandryeatl.com,https://www.instagram.com/Roseandrye.atl/,https://www.facebook.com/profile.php?id=100086841835288,,gerbergroup@gerberbars.com
104,http://barmargotatl.com,http://instagram.com/barmargotatl,https://www.facebook.com/barmargotatl,https://twitter.com/barmargotatl,
105,https://www.wheelhousepubdecatur.com,https://www.instagram.com/wheelhousepub/,https://www.facebook.com/wheelhousedecatur,,"kathryn@wheelhousepubdecatur.com, stef@wheelhousepubdecatur.com"
106,https://www.instagram.com,,,,
107,http://www.hartleykitchenatl.com,https://www.instagram.com/hartleykitchenatlanta/,https://www.facebook.com/HartleyKitchenATL,,info@hartleykitchenatl.com
108,http://skyloungecafe.net,https://www.instagram.com/skyloungecafeatl/,https://www.facebook.com/skyloungecafeatl,,"impallari@gmail.com, team@latofonts.com, skyloungecafeatl@gmail.com"
109,http://www.rustynailpub.com,,,,
110,https://www.thepaintedduckatl.com,https://www.instagram.com/paintedduckatl/,https://www.facebook.com/paintedduckatl/,https://twitter.com/paintedduckatl,"william@thepaintedduckatl.com, hannah@huffinespr.com, hannah@huffandco.com, justin@paintedhospitality.com"
111,https://thedragonflylounge.com,https://www.instagram.com/thedragonfly_lounge/,https://www.facebook.com/TheDragonflylounge1,,
112,https://www.brewdog.com,https://www.instagram.com/brewdogofficial/?hl=en,https://www.facebook.com/brewdogofficial/,https://twitter.com/brewdog,"wght@400, onlineshop@brewdog.com, brighton@5x, sheffield@5x, standrews@5x, brixton@5x, miltonkeynes@5x, reading@5x, canarywharf@5x, clerkenwell@5x, manchester@5x, sevendials@5x, soho@5x, southampton@5x, norwich@5x, towerhill@5x, york@5x, stirling@5x, shephardsbush@5x, perth@5x, oxford@5x, nottingham@5x, newcastle@5x, liverpool@5x, leicester@5x, leedsnorthst@5x, inverurie@5x, lothianroad@5x, cowgate@5x, dundee@5x, dogtapellon@5x, clapham@5x, carlisle@5x, cardiff@5x, camden@5x, bristol@5x, unionsquare@5x, swansea@5x, shoreditch@5x, paddington@5x, kelvingrove@5x, merchantcity@5x, cambridge@5x, birmingham@5x, castlegate@5x, aberdeen@5x, edinburghairport@5x, huddersfieldbar@brewdog.com, wiesbadenbar@brewdog.com, brighton@5x.png, brightonbar@brewdog.com, bookings@brewdog.com, sheffield@5x.png, sheffieldbar@brewdog.com, seethinglanetap@brewdog.com, standrews@5x.png, standrewsbar@brewdog.com, brixton@5x.png, brixtonbar@brewdog.com, miltonkeynes@5x.png, miltonkeynesbar@brewdog.com, reading@5x.png, readingbar@brewdog.com, canarywharf@5x.png, canarywharfbar@brewdog.com, chancerybar@brewdog.com, clerkenwell@5x.png, clerkenwellbar@brewdog.com, manchester@5x.png, manchesterbar@brewdog.com, sevendials@5x.png, sevendialsbar@brewdog.com, soho@5x.png, sohobar@brewdog.com, southampton@5x.png, southamptonbar@brewdog.com, wandsworthbar@brewdog.com, durhambar@brewdog.com, bathbar@brewdog.com, exeterbar@brewdog.com, doghouseedinburgh@brewdog.com, corkbar@brewdog.com, lasvegasbar@brewdog.com, norwich@5x.png, norwichbar@brewdog.com, towerhill@5x.png, towerhillbar@brewdog.com, dukeofhammersmith@brewdog.com, cheltenhambar@brewdog.com, york@5x.png, yorkbar@brewdog.com, tankard@brewdog.com, stirling@5x.png, stirlingbar@brewdog.com, shephardsbush@5x.png, shepherdsbushbar@brewdog.com, queencharlotte@brewdog.com, perth@5x.png, perthbar@brewdog.com, oxford@5x.png, oxfordbar@brewdog.com, nottingham@5x.png, nottinghambar@brewdog.com, northcotearms@brewdog.com, newcastle@5x.png, newcastlebar@brewdog.com, manchesteroutpost@brewdog.com, liverpool@5x.png, liverpoolbar@brewdog.com, leicester@5x.png, leicesterbar@brewdog.com, leedsnorthst@5x.png, northstreetleeds@brewdog.com, headingleybar@brewdog.com, inveruriebar@brewdog.com, lothianroad@5x.png, lothianroadbar@brewdog.com, cowgate@5x.png, edinburghbar@brewdog.com, ealingbar@brewdog.com, dundee@5x.png, dundeebar@brewdog.com, dukeofbattersea@brewdog.com, dogtapellon@5x.png, dogtap@brewdog.com, doghousemanchester@brewdog.com, clapham@5x.png, claphamjbar@brewdog.com, carlisle@5x.png, carlislebar@brewdog.com, cardiff@5x.png, cardiffbar@brewdog.com, camden@5x.png, camdenbar@brewdog.com, bristolharboursidebar@brewdog.com, bristol@5x.png, bristolbar@brewdog.com, bradfordbar@brewdog.com, bournemouthbar@brewdog.com, birdcage@brewdog.com, basingstokebar@brewdog.com, unionsquare@5x.png, unionsquarebar@brewdog.com, swansea@5x.png, swanseabar@brewdog.com, nice@5x, nicebar@brewdog.com, upminsterbar@brewdog.com, waterloobookings@brewdog.com, waterloobookings@brewdog.com., pittsburgh@5x, pittsburgh@5x.png, pittsburghbar@brewdog.com, shortnorth@5x, shortnorth@5x.png, shortnorthbar@brewdog.com, towerbridge@brewdog.com, shoreditch@5x.png, shoreditchbar@brewdog.com, plymouthbar@brewdog.com, paddington@5x.png, paddingtonbar@brewdog.com, kelvingrove@5x.png, glasgowbar@brewdog.com, dublin@5x, dublin@5x.png, outpostdublin@brewdog.com, merchantcity@5x.png, merchantcity@brewdog.com, camdenroadarms@brewdog.com, cambridge@5x.png, cambridgebar@brewdog.com, birmingham@5x.png, birminghambar@brewdog.com, castlegate@5x.png, castlegatebar@brewdog.com, aberdeen@5x.png, aberdeenbar@brewdog.com, clevelandbar@brewdog.com, atlantabar@brewdog.com, newalbanybar@brewdog.com, cincinatti@5x, cincinatti@5x.png, cincinnatibar@brewdog.com, franklinton@5x, franklinton@5x.png, franklintonbar@brewdog.com, doghousecolumbus@5x, dogtapcolumbus@brewdog.com, dogtapberlin@5x, dogtapberlin@brewdog.com, functions.brewdogpentridge@ausvenueco.com.au, 1@4x.png, fortitudevalleybar@brewdog.com, goteborg@5x, goteborg@brewdog.com, brussels@5x, brusselsbar@brewdog.com, hullbar@brewdog.com, 325@3x.png, info.brewdogsoutheveleigh@ausvenueco.com.au, dogtapbrisbane@brewdog.com, stpauli@5x, stpauli@5x.png, stpaulibar@brewdog.com, edinburghairport@5x.png, ediairportbar@brewdog.com, rotterdam@5x, rotterdam@5x.png, rotterdambar@brewdog.com, frankfurtbar@brewdog.com, sodermalm@5x, sodermalm@5x.png, sodermalm@brewdog.com, kungsholmen@5x, kungsholmen@5x.png, kungsholmen@brewdog.com, gurugrambar@brewdog.com, friedrichshainbar@brewdog.com, tallinn@5x, tallinnbar@brewdog.com, shanghai@5x, shanghaibar@brewdog.com, roppongi@5x, roppongi@5x.png, roppongibar@brewdog.com, reykjavik@5x, reykjavik@5x.png, reykjavikbar@brewdog.com, malmo@5x, malmo@5x.png, malmo@brewdog.com, lemarais@5x, lemarais@5x.png, lemaraisbar@brewdog.com, barcelona@5x, barcelonabar@brewdog.com, berlinmitte@5x, berlinbar@brewdog.com, bologna@5x, bolognabar@brewdog.com, midtownmumbaibar@brewdog.com, bandrabar@brewdog.com, itaewon@5x, itaewon@5x.png, itaewonbar@brewdog.com, grunerlokka@5x, grunerlokkabar@brewdog.com, lincolnbar@brewdog.com, pr@brewdog.com, hello@brewdog.com, privacy@brewdog.com., onlineshop@brewdog.com., salesenquiry@brewdog.com., salesenquiries@brewdog.com, gordon.buchanan@brewdog.com, runwiththepack@brewdog.com"
113,http://www.blackbeartavern.net,http://instagram.com/blackbeartavern,https://www.facebook.com/BlackBearTav,,blackbeartavern00@gmail.com
114,http://pourtaproomatlanta.com,,,,
115,http://www.gypsykitchenatl.com,http://instagram.com/gypsykitchenatl,https://www.facebook.com/gypsykitchenatl,https://twitter.com/GypsyKitchenATL,"wght@400, info@gk-atl.com"
116,https://www.marriott.com,https://www.instagram.com/marriottbonvoy/,https://www.facebook.com/groups/marriottbonvoyinsiders/,https://twitter.com/marriottbonvoy,"ie11customproperties@4.1.0, arrow-right@2x.png, eataround-white@2x.png, large-banner-desktop@2x.jpg.transform, large-banner-mobile@2x.jpg.transform, large-banner-desktop@2x.jpg, image-goes-here-mobile@2x.jpg.transform, image-goes-here-mobile@2x.jpg, image-goes-here_3-mobile@2x.jpg.transform, image-goes-here_3-mobile@2x.jpg, image-goes-here_2@2x.jpg.transform, image-goes-here_2@2x.jpg, tlc-bali-laguna-beach@2x.jpg.transform, tlc-bali@2x.jpg.transform, tlc-bali-laguna-beach@2x.jpg, a-image-16-9-sub@2x.jpg.transform, a-image-16-9-sub-mobile@2x.jpg.transform, a-image-16-9-sub@2x.jpg, tlc-bali-laguna-beach_3-mobile@2x.jpg, image-asset-here_2-mobile@2x.jpg, image-asset-here-mobile@2x.jpg, screen-shot-2021-04-20-at-4-54-47-pm@2x.jpg.transform, screen-shot-2021-04-20-at-4-54-47-pm@2x.jpg, screen-shot-2021-06-15-at-3-53-22-pm@2x.jpg.transform, screen-shot-2021-06-15-at-3-53-22-pm@2x.jpg, screen-shot-2021-06-15-at-3-55-00-pm-mobile@2x.jpg.transform, screen-shot-2021-06-15-at-3-55-00-pm-mobile@2x.jpg, affiliatemanager@marriott.com, customerservice@allianzassistance.com, privacy@marriott.com, identitymembership@cosmopolitanlasvegas.com, marriottdpo@marriott.com"
117,https://www.rowdytigeratlanta.com,https://www.instagram.com/rowdytigeratl/,https://www.facebook.com/RowdyTigerATL/,,"info@rowdytigeratl.com, damien.whitman@renhotels.com, 20info@rowdytigeratl.com"
118,http://www.battleandbrew.com,http://instagram.com/battleandbrew,https://www.facebook.com/battleandbrew,https://twitter.com/battleandbrew,"wght@400, wght@0, info@battleandbrew.com, events@battleandbrew.com, marketing@battleandbrew.com"
119,http://www.mussandturners.com,https://www.instagram.com/mussandturners/,https://www.facebook.com/mussandturners,https://twitter.com/mussandturners,info@mussandturners.com
120,http://www.thethirddoor.net,https://www.instagram.com/the.third.door/,https://www.facebook.com/the.third.door/,,hello@thethirddoor.net
121,https://www.threetavernsbrewery.com,http://instagram.com/threetaverns,https://www.facebook.com/threetavernsbeer,https://twitter.com/ThreeTaverns,"nathan@threetavernsbrewery.com, brian@threetavernsbrewery.com, wght@0"
